item_id,description,profit_margin_2023,profit_percent_total
1238,rasguñador torre sky,71970.0,0.013231541536659237
1122,furminator short hair deshedding tools for cat,64660.0,0.011887612557459864
1001,dogit pañales desechables,55960.0,0.010288134839397679
1738,coastal style trailla black skulls m 1,50360.0,0.00925858596340363
1287,furminator long hair deshedding tools for dog,34510.0,0.006344594948313328
1532,furminator short hair deshedding tools for dog,34510.0,0.006344594948313328
498,rasguñador con guarida tigre,34388.0,0.006322165490657744
1736,timoty clubbungalow-l,32826.0,0.006034994893460833
397,jaula cage rabbit 100 grey,31946.0,0.0058732086415189105
1245,nm no more marking,31880.0,0.005861074672623266
1302,zeedog same h-harness large,31620.0,0.005813274189094972
1059,lw. bola de ejercicio con base,27980.0,0.0051440674196988395
1070,coastal new earth trailla de soya indigo 1,27380.0,0.00503375861155662
477,coastal new earth trailla de soya berenjena 1,27380.0,0.00503375861155662
1565,catit baño jumbo para gatos,27268.0,0.005013167634036739
1614,nm jfc urine destroyer quart cat,26380.0,0.004849910597986254
1546,coastal style trailla teal purple diamonds m 1,25180.0,0.004629292981701815
300,coastal style trailla wildflower l 1,25180.0,0.004629292981701815
741,fp atlas 20 / transportadora 58x37x32h cm,24903.0,0.004578367081942824
242,coastal k9 explorer arnes acolchado zafiro l,24396.0,0.004485156139062648
1723,zd army green ruff leash large,24108.0,0.0044322079111543825
615,catit 2.0 fte bebedera flor mini 1.5lt,24058.0,0.0044230155104758645
1564,nexgard spectra 1 tab 3,23980.0,0.004408675365417375
1057,dreamwell cama rectangular gris/blanco,23876.0,0.004389555172006058
219,light blue glam paw (my family),23394.0,0.004300940429465141
775,zeus trailla dobl asa 1,22980.0,0.0042248273518470094
436,jaula tubby pequenos animales,22611.0,0.004156987434839545
533,zeedog gotham ruff leash small,22494.0,0.004135477217251811
636,colirama viral x 10 ml.,22269.0,0.0040941114141984794
97,nexgard spectra 1 tabl.masticable 2,21980.0,0.004040979338276644
1229,zeus trailla dobl asa  l  rojo 1,20980.0,0.0038571313247062777
1588,ultimate blue leash large,20900.0,0.003842423483620648
989,coastal comfort soft arnes azul s,20752.0,0.0038152139776122342
163,parka t/4 cata pets,20514.0,0.0037714581503824874
915,zeedog prisma h-harness medium,20232.0,0.003719613010555644
182,zd artsy adjustable air mesh harness medium,20217.0,0.0037168552903520885
1770,zd bordeau adjustable air mesh harness large,19896.0,0.003657840077996001
1468,zeedog phantom harness + leash set,19320.0,0.00355194362217947
280,zd neopro blue leash large,19245.0,0.003538155021161693
111,zeedog atlanta adjustable air mesh harness small,19038.0,0.0035000984823526267
854,bliss leash large,18972.0,0.0034879645134569827
1491,dreamwell cama redonda gris/blanco 56cm,18795.0,0.003455423415055028
907,simparica 20 mg x 1 tab. 5,18540.0,0.0034085421715945845
235,zd artsy adjustable air mesh harness large,18405.0,0.003383722689762585
391,pawise repuesto pasto sanitario,18093.0,0.0033263621095286308
1541,body perro 6 verde,17676.0,0.0032496974878697886
997,zeedog phantom adjustable air mesh harness medium,17562.0,0.0032287388143227664
1035,zd phantom adjustable air mesh harness large,16929.0,0.003112363021732725
1737,zeus trailla dobl asa  m  grafito 1,16780.0,0.0030849696677107403
1149,comedero interactivo hexágono azul,16716.0,0.003073203394842237
1066,gumi juguete mastica/limpia congelable-m,16665.0,0.0030638271461501483
685,zd skull 2.0 h-harness large,16239.0,0.0029855078923691726
987,zeus bozal alpha  m ,16202.0,0.0029787055158670694
1425,florafix pet pasta probiotico 15 grs,16092.0,0.0029584822343743287
317,gastroenteril x 120 ml ,15936.0,0.0029298019442573517
297,dogit alfombrilla educadora  medium 30un,15800.0,0.002904798614411782
502,pack dieciochero perro adulto,15788.0,0.002902592438248938
316,zeedog prisma adjustable air mesh harness small,15772.0,0.002899650870031812
1406,crown (my family),15738.0,0.0028934000375704194
1157,cama chiporro xl catapet,15648.0,0.0028768537163490863
64,zeedog honey adjustable air mesh harness extra small,15606.0,0.002869132099779131
332,zeedog atlanta adjustable air mesh harness extra small,15578.0,0.0028639843553991606
1700,zeedog skull h-harness large,15459.0,0.002842106441784287
858,zd smash adjustable air mesh harness small,15270.0,0.002807359167219488
1351,nf jfc more spraying 709 ml,15243.0,0.0028023952708530883
1019,zeedog skull h-harness medium,15174.0,0.002789709757916733
1569,bliss h-harness medium,15150.0,0.002785297405591044
554,zeedog brain freeze,15015.0,0.002760477923759045
1632,zeedog mahalo collar small,14718.0,0.002705875063728646
1086,"zeus bozal alpha ""s""",14715.0,0.002705323519687935
408,pawise mat de enfriamiento m 50x40 cm,14616.0,0.002687122566344469
1478,blast h-harness medium,14460.0,0.002658442276227492
748,"zeus bozal alpha ""l""",14430.0,0.0026529268358203807
206,zd neon coral h-harness small,14348.0,0.002637851298707611
602,zeedog skull leash extra small,14160.0,0.002603287872156382
1691,zeedog ella h-harness extra small,14024.0,0.0025782845423108123
1642,coastal sparkle trailla orquidea 1,13990.0,0.0025720337098494197
1573,l.w. trapecio de madera  -7,13960.0,0.0025665182694423086
1132,"planet dog hueso azul ""m""",13773.0,0.00253213869090465
1031,bow tie red (my family),13743.0,0.002526623250497539
1063,coastal new earth trailla de soya menta 1,13690.0,0.00251687930577831
888,coastal new earth trailla de soya fucsia 1,13690.0,0.00251687930577831
674,zd army green collar medium,13160.0,0.002419439858586016
1517,timothy bungalow m,13126.0,0.0024131890261246238
1330,zeedog ella h-harness large,12988.0,0.002387818000251913
786,jaula transporte pratiko metal 1,12880.0,0.0023679624147863133
1030,"planet dog planet ball azul/verde ""s""",12868.0,0.0023657562386234687
731,blocks h-harness medium,12810.0,0.002355093053836388
1744,coastal style trailla black skulls l 1,12590.0,0.0023146464908509073
1380,coastal style trailla red bones m 1,12590.0,0.0023146464908509073
1452,zeus trailla dobl asa  s  azuldenim 1,12580.0,0.002312808010715204
518,zd artsy collar large,12510.0,0.002299938649765278
146,afp ultrasonic ardilla,12424.0,0.0022841277205982264
500,coastal k9 explorer arnes acolchado guinda m,12424.0,0.0022841277205982264
1581,doggy dolly small polerón racing fever con gorro grey l,12356.0,0.002271626055675442
159,revolution perro/gato  0 - 2.5 kg,12284.0,0.0022583889986983754
993,columbia air mesh harness medium,12271.0,0.0022559989745219605
979,afp chill out mat de enfriamiento medium,12270.0,0.0022558151265083906
504,vp tuffy ocean creature whale 7.6x20.3x30.5 cm/ts8,12204.0,0.002243681157612746
1094,zeedog gotham collar large,12165.0,0.002236511085083502
1326,coastal sublime collar aztec l,12132.0,0.0022304441006356797
1412,zeedog chroma adjustable air mesh harness small,12048.0,0.002215000867495769
926,calmedrag 30 comp.,11946.0,0.0021962483701115916
727,cracul x20 comp. perros,11880.0,0.0021841144012159476
1407,timothy tunel,11834.0,0.0021756573925917106
528,zd blue air-leash,11811.0,0.0021714288882795922
1502,coastal style collar plaid m,11805.0,0.0021703258001981697
1655,honey h-harness medium,11588.800000000003,0.0021305778596642576
218,zeedog phantom leash large,11514.0,0.0021168260282491934
1746,white european shorthair (my family),11490.0,0.0021124136759235047
1189,parka t/3 cata pets,11436.0,0.002102485883190705
411,zeedog mahalo leash large,11340.0,0.0020848364738879498
1484,afp pups perrito mini,11166.0,0.002052846919526706
994,ultimate blue h-harness small,11157.0,0.0020511922874045727
1485,gotham flyharness size 4,11070.300000000003,0.0020352526646280227
931,bolso cabina negro,11068.0,0.0020348298141968104
1313,dogit paðales desechables,10990.0,0.002020489669138322
1008,coastal lazer brite collar galaxy s/m,10986.0,0.0020197542770840405
79,dog a dent 100 grs pasta,10944.0,0.002012032660514085
777,coastal new earth collar de soya menta s/m,10936.0,0.002010561876405522
638,zeedog gotham ruff leash large,10878.0,0.001999898691618441
1088,coastal style collar brown paw l,10756.0,0.001977469233962856
864,poleron t/1 cata pets,10692.0,0.0019657029610943527
76,coastal sublime collar pink l,10596.0,0.0019480535517915974
1273,zeedog mahalo h-harness small,10521.0,0.0019342649507738201
887,puzzle soft-walk harness medium,10511.199999999997,0.00193246324024083
1269,zeus trailla dobl asa  l  coral 1,10490.0,0.0019285656623531388
1354,zeus trailla dobl asa  l  grafito 1,10490.0,0.0019285656623531388
144,zd skull 2.0 h-harness medium,10352.0,0.0019031946364804282
695,zeedog phantom collar small,10305.0,0.001894553779842621
1567,laguna leash small,10264.0,0.001887016011286236
503,golden retriever (my family),10194.0,0.0018741466503363106
1202,adiestrador de cachorros -500ml,10144.0,0.0018649542496577923
876,zd army green soft-walk harness medium,10140.0,0.0018642188576035107
1187,zd bordeau collar medium,10108.0,0.0018583357211692589
243,kit mamadera beaphar 35ml,9999.0,0.001838296287690089
410,coastal maslow  plato paw rosado 828 ml,9996.0,0.001837744743649378
1117,coastal fashion collar black skulls,9964.0,0.0018318616072151264
1640,habitrail kit mini,9925.0,0.001824691534685882
1292,i love mom (my family),9878.0,0.0018160506780480748
63,dreamwell cama rectangular woof azul,9688.0,0.0017811195554697052
457,pawise arnes y cinturon de seguridad l,9678.0,0.0017792810753340018
672,zeedog ella collar small,9621.0,0.001768801738560491
1359,zeedog peppermint leash extra small,9511.080000000002,0.0017485931649088365
925,gumi juguete hilo dental seda  mini ,9378.0,0.0017241266712628917
253,zeedog coral bowl large,9372.0,0.0017230235831814699
1164,cama zapato gde. cata pets,9363.0,0.0017213689510593366
1423,zeedog atlanta leash extra small,9260.0,0.0017024326056615886
782,capa polar chiporro t/2 cata pets,9236.0,0.0016980202533359002
1348,zd artsy leash small,9218.0,0.0016947109890916331
558,canine - feline a/d lata x 156 gms,9183.0,0.0016882763086166707
1739,coastal sparkle collar broche metal rosa xs,9150.0,0.0016822093241688485
135,zd smash collar medium,9132.0,0.0016789000599245819
298,afp fetch dog n treat,9126.0,0.0016777969718431596
1635,timothy mat,9124.0,0.0016774292758160187
733,zd pacco collar small,9100.0,0.00167301692349033
787,pelota portagolosina azul medium,8949.0,0.001645255873441205
1329,afp modern cat fluffy wand,8934.0,0.0016424981532376494
1709,power 1 p. hasta 10 kg,8870.0,0.001630731880369146
1428,zeedog mahalo collar large,8823.0,0.0016220910237313387
458,zd carbon air-leash,8786.0,0.0016152886472292351
1574,drontal plus x 2 comprimidos saborizados,8697.0,0.0015989261740214727
1290,zd honey adjustable air mesh harness large,8641.0,0.0015886306852615321
664,zeedog tarot leash small,8614.0,0.0015836667888951324
614,laxavet x 40 gr.,8481.0,0.0015592150030902736
1142,afp chill out pista hielo,8461.0,0.0015555380428188663
1192,hartz duraplay bone large dog toy,8448.0,0.0015531480186424516
844,zeedog pipp,8445.0,0.0015525964746017406
1065,capa polar c/chiporro t-xl (4)  a. doctor,8388.0,0.0015421171378282297
507,calefactor aut. 50w - boyu,8376.0,0.0015399109616653851
1140,pishio auricular,8355.0,0.0015360501533804075
1037,zd army green adjustable air mesh harness large,8353.0,0.0015356824573532666
361,zeedog neopro green leash large,8346.0,0.0015343955212582744
1314,zeedog prisma collar large,8298.0,0.0015255708166068967
1475,cama cubo grande cata pet,8296.0,0.001525203120579756
1575,zeedog cyclops,8290.0,0.0015241000324983337
487,electrovet soluc oral 500ml,8280.0,0.00152226155236263
1243,repelente de gatos spray int.,8272.0,0.001520790768254067
1226,zeedog gotham h-harness large,8234.0,0.0015138045437383932
286,zd neon coral adjustable air mesh harness extra small,8230.0,0.0015130691516841118
1126,complete grain free ferret diet 2.5kg.,8206.0,0.001508656799358423
354,dogit dispensador alimento 2 lt,8148.0,0.0014979936145713417
793,ps hairball solutions,7990.0,0.001468945628427224
662,tx  calzon celo protector l 50–59 cm,7990.0,0.001468945628427224
1315,daily stuff cama peluche,7987.0,0.0014683940843865128
93,arnes de paseo mediano g.a,7842.0,0.0014417361224188098
934,zd smash adjustable air mesh harness medium,7805.0,0.0014349337459167062
1781,capa polar chiporro t/6 cata pets,7752.0,0.0014251898011974767
347,zeedog prisma harness + leash set,7728.0,0.001420777448871788
1042,espuma seca ehlinger spray 265 ml,7678.0,0.0014115850481932698
395,planet dog nooks amarillo felicidad,7662.0,0.001408643479976144
628,zd honey ruff leash large,7653.0,0.0014069888478540106
153,zd neon coral collar medium,7515.0,0.0013816178219813002
1547,zd smash h-harness medium,7392.0,0.0013590045163121452
84,gumi juguete hilo dental seda  s ,7317.0,0.0013452159152943677
1129,zeedog split leash large,7268.0,0.0013362073626294198
831,marina termocalefactor pre-set 50w- 15cm,7240.0,0.0013310596182494496
1180,sand collar medium,7227.0,0.0013286695940730347
846,coastal fashion collar sushi,7203.0,0.001324257241747346
3,zd neon coral leash small,7164.0,0.0013170871692181018
288,zeus arnes fig.a  m  rojo,7144.0,0.0013134102089466945
322,afp dog sparkle cepillo dedo/pasta,7140.0,0.0013126748168924129
1333,zd army green leash small,7038.0,0.0012939223195082357
261,zeedog zee.mat black,7032.0,0.0012928192314268134
619,harvest stacks timothy/carrot 1kg,7006.0,0.0012880391830739839
658,lw nido de bambu,6990.0,0.001285097614856858
1371,comedero acero inox,6980.0,0.0012832591347211543
209,coastal style collar skulls  l,6958.0,0.0012792144784226063
103,sand h-harness small,6956.0,0.0012788467823954656
266,zeedog gotham leash small,6928.0,0.0012736990380154951
1006,pawise arnes y cinturon de seguridad s,6904.0,0.0012692866856898067
719,zeedog prisma adjustable air mesh harness medium,6900.0,0.001268551293635525
573,planet dog frambueza,6891.0,0.0012668966615133918
608,zeus collar semifijo  xl  rojo,6872.0,0.0012634035492555548
1036,zd ella adjustable air mesh harness medium,6856.0,0.001260461981038429
107,zeedog super banana,6801.0,0.0012503503402920588
46,collar con smart id para retro blue m,6790.0,0.0012483280121427848
341,capa polar chiporro t/7 cata pets,6764.0,0.0012435479637899552
992,small round aluminum black (my family),6627.0,0.0012183607859308151
587,zeedog phantom h-harness extra small,6618.0,0.0012167061538086818
1762,catit desing zona de confort,6549.0,0.0012040206408723267
923,pawise mono con tirador,6531.0,0.00120071137662806
1009,parka t/8 cata pets,6519.0,0.0011985052004652155
1374,zd midnight adjustable air mesh harness small,6470.0,0.0011894966478002676
1553,arnes de paseo grande g.a,6446.0,0.001185084295474579
181,zd pacco leash small,6438.0,0.001183613511366016
1735,zd neon coral adjustable air mesh harness small,6436.0,0.0011832458153388753
254,coastal style collar teal purple diamonds m,6432.0,0.0011825104232845937
1204,coastal sublime collar cubes s/m,6416.0,0.001179568855067468
57,ultimate blue collar medium,6406.0,0.0011777303749317641
1054,zeedog prisma h-harness extra small,6386.0,0.001174053414660357
1427,zd ella adjustable air mesh harness large,6367.0,0.00117056030240252
1062,power spray 100 ml,6336.0,0.0011648610139818386
321,fp plato acero inoxidable orion kc 52,6280.0,0.0011545655252218983
970,coastal new earth collar de soya berenjena s/m,6272.0,0.001153094741113335
1479,"zeus collar semifij ""xl"" azul denim",6270.0,0.0011527270450861944
1097,catapet cama chiporro med. nº2,6139.0,0.0011286429553084767
617,heno de pasto timothy 425gr,6066.0,0.0011152220503178399
536,le salon essentials cepillo carda small,6056.0,0.0011133835701821362
327,afp lamb triplets mice,6033.0,0.001109155065870018
1665,bliss adjustable air mesh harness medium,5988.0,0.0011008819052593514
492,coastal style collar bones m,5974.0,0.0010983080330693661
352,coastal new earth collar de soya menta xs,5943.0,0.0010926087446486848
996,coastal comfort soft arnes lima s,5926.0,0.0010894833284179886
1552,afp modern cat tinkly,5919.0,0.001088196392322996
197,zd honey adjustable air mesh harness medium,5917.0,0.0010878286962958553
716,calzon celo talla 5,5910.0,0.0010865417602008627
1259,coastal sublime collar pink s/m,5904.0,0.0010854386721194406
1336,tx bola para heno ,5880.0,0.0010810263197937517
314,body perro 4 rosado,5877.0,0.0010804747757530407
1617,tetra goldfish flakes,5820.0,0.0010699954389795298
922,big bone pink,5804.0,0.001067053870762404
816,zd puzzle ruff leash small,5755.0,0.001058045318097456
1613,zeedog gotham h-harness extra small,5750.0,0.001057126078029604
957,pink led leash large,5749.0,0.001056942230016034
1741,grey shih tzu (my family),5744.0,0.001056022989948182
1291,coastal lazer brite collar pink multi flowers s/m,5742.0,0.0010556552939210413
1286,zeedog tarot leash large,5706.0,0.0010490367654325081
340,zeedog deep blue handsfree leash,5679.0,0.0010440728690661082
548,zeedog fatboy ruff leash large,5655.0,0.0010396605167404195
871,big bone bronx studs xl (my family),5650.0,0.0010387412766725676
1373,coastal style collar resolve m,5622.0,0.0010335935322925973
1677,honey leash large,5607.4000000000015,0.0010309093512944703
42,le salon essentials guante para cepillar,5554.0,0.0010210918673698125
1745,coastal sublime collar chevrons l,5544.0,0.0010192533872341088
264,pawise fetch it mono,5523.0,0.0010153925789491312
1162,zeedog skull leash large,5513.0,0.0010135540988134276
474,coastal style collar plaid  l,5472.0,0.0010060163302570424
701,big heart aluminum pink (my family),5421.0,0.0009966400815649538
495,alimento pelletizado nature para cobayo 700 gr,5382.0,0.0009894700090357096
1759,zd midnight collar medium,5334.0,0.000980645304384332
1184,hartz duraplay ball medium,5328.0,0.0009795422163029097
1718,nm housebreaking / enseñador,5300.0,0.0009743944719229396
1248,juguetes de pasto 3 unidades,5278.0,0.0009703498156243915
172,orchard grass hay 425gr,5272.0,0.0009692467275429693
433,naxpet 10 mg.x 10 comp.,5220.0,0.0009596866308373103
978,zd skull 2.0 collar medium,5218.0,0.0009593189348101695
1507,bichon frise (my family),5147.0,0.0009462657258466736
1454,"zeus collar semifijo ""l"" grafito",5141.32,0.0009452214691295939
478,catapet cama chiporro chica nº1,5082.0,0.0009343156049645997
178,polera bandera inglaterra ac l,5060.0,0.0009302709486660518
481,afp doggies zapato oveja,5040.0,0.0009265939883946444
1727,planet dog luna,5010.0,0.0009210785479875335
862,zd midnight leash extra small,5010.0,0.0009210785479875335
519,zeus nosh hueso duro sabor carne/queso m,5010.0,0.0009210785479875335
703,zd neon coral leash large,5008.0,0.0009207108519603927
1457,pink led adjustable air mesh harness small,5002.0,0.0009196077638789704
681,pink big circle paw (my family),4969.0,0.0009135407794311483
451,"zeus collar ajustable ""xl"" grafito",4965.0,0.000912805387376867
743,ultimate blue adjustable air mesh harness small,4947.0,0.0009094961231326005
1608,coastal maslow  plato paw rosado 1596 ml,4847.0,0.0008911113217755638
1148,coastal sublime collar purple l,4839.0,0.0008896405376670009
214,pelota portagolosina azul small,4820.0,0.000886147425409164
1420,small round aluminum pink (my family),4814.0,0.0008850443373277417
435,zeus nosh hueso duro sabor carne/queso s,4809.0,0.0008841250972598898
1527,cabatina 25 ml,4804.0,0.0008832058571920379
516,planet dog zanahoria,4803.0,0.0008830220091784677
1539,bozal clinico 3 (a. doctor),4797.0,0.0008819189210970454
557,coastal embellished collar flower pink,4784.0,0.0008795288969206307
969,zeedog gotham collar extra small,4744.0,0.000872174976377816
1555,apf mighty rex hueso curvo,4738.0,0.000871071888296394
1780,blocks leash large,4737.4000000000015,0.0008709615794882519
1136,zd ella adjustable air mesh harness small,4714.0,0.0008666595359707052
1460,lw nido de bambu,4690.0,0.0008622471836450163
1146,bliss collar extra small,4642.0,0.0008534224789936386
860,i'm the king (my family),4565.0,0.0008392661819487206
1576,jg velvet bobbler,4542.0,0.0008350376776366022
1545,pink led h-harness medium,4509.0,0.0008289706931887801
1699,harvest stacks westtimothy 992 gr.,4500.0,0.0008273160610666468
1467,zeedog honey adjustable air mesh harness small,4495.0,0.000826396820998795
358,orange and white english cocker  (my family),4477.0,0.0008230875567545285
239,honey collar small,4473.220000000001,0.0008223926112632327
1208,coastal style collar skulls m,4468.0,0.000821432924632395
1114,arnes talla l,4440.0,0.0008162851802524248
1440,zeedog poop bag dispenser black +1 roll,4431.0,0.0008146305481302915
255,zd artsy h-harness large,4406.0,0.0008100343477910325
753,zd army green h-harness small,4396.0,0.0008081958676553287
349,pelota para perros,4386.0,0.0008063573875196251
1596,pawise cama cafe perros,4384.0,0.0008059896914924844
389,big heart aluminum purple (my family),4366.0,0.0008026804272482178
791,coastal comfort soft arnes azul xs,4347.0,0.0007991873149903808
749,heno de avena 425 gr,4318.0,0.0007938557225968402
1258,light blue big circle bone (my family),4310.0,0.0007923849384882774
1704,zeedog prisma h-harness large,4257.0,0.0007826409937690479
843,coastal embellished collar bow-tie black,4246.0,0.0007806186656197739
1337,capa polar chiporro t/5 cata pets,4241.0,0.0007796994255519221
1708,catlove raton mecanico rosado,4220.0,0.0007758386172669443
1233,big heart aluminum light blue (my family),4206.0,0.0007732647450769592
365,daily stuff transportadora route 1,4187.0,0.0007697716328191222
1288,body cobre talla 2 ( 2 - 3 kg ),4187.0,0.0007697716328191222
677,poleron t/5 cata pets,4176.0,0.0007677493046698481
952,coastal lazer brite trailla pink multi flowers m 1.8m,4154.0,0.0007637046483713001
690,zd volt collar large,4116.0,0.0007567184238556262
946,collar gatos,4080.0,0.0007500998953670931
1360,zeus arnes fig.a  s  fucsia,4042.0,0.0007431136708514192
1430,zeus nosh hueso duro sabor carne/queso l,4034.0,0.0007416428867428563
1051,zd midnight collar large,4032.0,0.0007412751907157155
836,big bone aluminum purple (my family),4020.0,0.0007390690145528711
550,zd neon coral collar large,3998.0,0.000735024358254323
650,zd midnight adjustable air mesh harness extra small,3927.0,0.0007219711492908272
453,small heart aluminum purple (my family),3882.0,0.0007136979886801606
1101,zeedog neopro bubblegum h-harness small,3880.0,0.00071333029265302
767,zeedog salina keychain,3842.0,0.0007063440681373459
1570,jaula aves peq. diseños,3805.0,0.0006995416916352424
162,pawise bozal tela m,3790.0,0.0006967839714316869
1695,clever pet bowl heart,3782.0,0.0006953131873231241
88,light blue big circle paw (my family),3764.0,0.0006920039230788574
164,zeedog skull collar large,3758.0,0.0006909008349974352
1161,zeedog phantom h-harness small,3742.0,0.0006879592667803094
611,corner deterrent spring,3720.0,0.0006839146104817614
1190,pawise bolsas repuesto 3x20 colores,3714.0,0.0006828115224003392
98,correa retractil,3700.0,0.0006802376502103541
1447,lw set arnes y correa peq animales  s ,3692.0,0.0006787668661017911
1046,zd candy collar medium,3681.0,0.0006767445379525171
1155,purple big circle paw (my family),3636.0,0.0006684713773418506
1594,cuerda anudada tricolor m,3612.0,0.0006640590250161618
1604,pala sanitaria (granulos) celeste,3612.0,0.0006640590250161618
454,afp doggies pantufla perro,3606.0,0.0006629559369347397
405,zd skull 2.0 leash small,3537.0,0.0006502704239983844
1631,zd smash collar extra small,3529.0,0.0006487996398898214
47,poleron t/4 cata pets,3523.0,0.0006476965518083992
1213,rabbit ear cleaning solution 4 oz,3519.0,0.0006469611597541179
1251,zeedog skull h-harness small,3510.0,0.0006453065276319844
563,zeedog prisma leash extra small,3483.0,0.0006403426312655846
847,zd skull 2.0 collar extra small,3482.0,0.0006401587832520142
1215,le salon cepillo alisador goma large,3465.0,0.000637033367021318
774,zeedog mahalo h-harness medium,3427.0,0.0006300471425056441
962,zd smash cat collar,3404.0,0.0006258186381935257
207,zd artsy h-harness small,3365.0,0.0006186485656642814
1649,capa polar chiporro t/1 cata pets,3363.0,0.0006182808696371406
399,zeedog atlanta leash small,3350.0,0.0006158908454607259
1486,zeedog prisma collar small,3297.0,0.0006061469007414965
167,nm alfombrilla training 50 un,3295.0,0.0006057792047143558
851,zeus arnes fig.h  l  rojo,3290.0,0.000604859964646504
1563,calefactor aut. 100w - boyu,3239.0,0.0005954837159544154
1480,coastal sublime collar purple s/m,3228.0,0.0005934613878051413
173,coastal style collar resolve l,3209.0,0.0005899682755473043
1093,zd army green h-harness extra small,3186.0,0.0005857397712351859
950,camon juguete perro pelota tenis c/ sonido 2 un ,3177.0,0.0005840851391130526
1159,pawise peluche unicornio con sonido perro,3172.0,0.0005831658990452008
726,zd army green collar small,3160.0,0.0005809597228823564
1627,coastal sublime collar yellow xs,3129.0,0.000575260434461675
1593,pixel collar small,3094.0,0.0005688257539867123
649,zd artsy cat collar,3092.0,0.0005684580579595716
1411,coastal style collar resolve xs,3076.0,0.0005655164897424457
16,zeedog prisma collar medium,3035.0,0.0005579787211860606
400,tx plato comida lenta,2990.0,0.0005497055605753942
118,zd neon coral leash + harness set,2982.0,0.0005482347764668312
434,hartz chew n clean tuff bone dog toy- extra small,2954.0,0.000543087032086861
1316,correa trailla 2 mt g.a,2905.0,0.0005340784794219131
67,cadena cordon 3 mm a.doctor,2882.0,0.0005298499751097947
1646,zeedog skull bow-tie large,2826.0,0.0005195544863498541
577,zeedog atlanta collar small,2792.0,0.0005133036538884617
237,coastal lazer brite collar fish bones,2771.0,0.0005094428456034841
1611,zeus collar ajustable  s  rojo,2760.0,0.00050742051745421
895,pink led collar small,2661.0,0.0004892195641107437
1442,zeedog mahleb collar medium,2654.0,0.0004879326280157512
260,ls champu crema de avena 250ml,2620.0,0.0004816817955543588
456,bowl ufo,2613.0,0.00048039485945936623
1209,zd skull 2.0 h-harness extra small,2560.0,0.0004706509147401368
56,columbia leash extra small,2559.3999999999996,0.00047054060593199455
1022,big bone aluminum pink (my family),2492.0,0.00045814924981735195
1623,pawise rodillo quita pelos y pelusas,2478.0,0.0004555753776273668
11,bolsas repuesto dispensador klint (60 b),2472.0,0.00045447228954594466
282,coastal style collar wildflower s,2470.0,0.0004541045935188039
678,zd smash collar small,2453.0,0.00045097917728810765
1595,zeus collar ajustable  s  coral,2446.0,0.0004496922411931151
1710,l.w piedra de lamer peq. anim. gan,2442.0,0.0004489568491388336
131,small round aluminum purple (my family),2407.0,0.00044252216866387084
1782,red xl aluminum bone,2360.0,0.0004338813120260636
23,coastal lazer brite collar galaxy xs,2345.0,0.00043112359182250815
427,zeus collar ajustable  xl  coral,2340.0,0.00043020435175465633
1634,zeus filtro fuente mini 3 unid,2292.0,0.0004213796471032788
729,botella 500 ml peq animales,2275.0,0.0004182542308725825
1267,blocks collar medium,2271.3999999999996,0.0004175923780237292
1118,zeedog skull collar medium,2227.0,0.00040942952622120496
267,coastal style collar brown paw s,2219.0,0.00040795874211264205
632,rostrum susp. oral 20 ml,2177.0,0.0004002371255426867
157,hartz tuff stuff nose divers - small,2136.0,0.0003926993569863017
1107,dispensador agua maya m 700 ,2082.0,0.00038277156425350195
739,afp pups cuerda suave multitextura,2048.0,0.0003765207317921095
273,big heart aluminum blue (my family),2003.0,0.000368247571181443
805,coastal lazer brite collar rainbow hearts xs,2000.0,0.0003676960271407319
1448,pawise fetch it leon,1996.0,0.00036696063508645044
821,coastal new earth collar de soya berenjena xs,1972.0,0.00036254828276076166
865,big bone aluminum black (my family),1937.0,0.00035611360228579884
855,ultimate blue collar extra small,1922.0,0.00035335588208224337
1550,afp pups cuerda suave mini,1903.0,0.0003498627698244064
1562,coastal lazer brite collar lime skulls xs,1807.0,0.00033221336052165125
37,big bone aluminum red (my family),1801.0,0.0003311102724402291
376,"dogit cuerdas anudadas celeste ""m""",1792.0,0.0003294556403180958
882,l.w. comedero o bebedero med 75 ml,1668.0,0.0003066584866353704
366,cordon amarre 8 mm a. doctor,1667.0,0.0003064746386218
141,big round aluminum black (my family),1661.0,0.00030537155054037785
1466,nf aqua plus anticloro 120 ml,1643.0,0.00030206228629611124
725,zeus nosh hueso flex cachorro sabor pollo s,1627.0,0.00029912071807898543
1277,zd neon coral cat collar,1618.0,0.0002974660859568521
496,"dogit cuerdas anudadas tricolor ""l""",1599.0,0.00029397297369901517
1513,key ring (my family),1485.0,0.00027301430015199345
407,afp furry ball flufer naranjo,1463.0,0.00026896964385344536
568,ultimate blue cat collar,1436.0,0.0002640057474870455
839,zd candy cat collar,1419.0,0.0002608803312563493
1246,zeus collar ajustable l rojo,1417.0,0.00026051263522920855
1747,pez portagolosina rosado,1396.0,0.00025665182694423086
1606,afp wooly mouse con sonido,1325.0,0.0002435986179807349
732,l.w. material para nidos fibra natural,1314.0,0.00024157628983146085
890,catit filtro fuente mini 3 unid,1309.0,0.00024065704976360903
1079,corta uñas,1260.0,0.0002316484970986611
657,hartz duraplay bone small dog toy,1169.0,0.0002149183278637578
1104,pala sanitaria (granulos) rosada,1102.0,0.0002026005109545433
1305,zeedog prisma collar cat,1058.0,0.0001945111983574472
828,pawise meow life bola colores,953.0,0.00017520715693255875
166,lw mordillo de mimbre natural,926.0,0.00017024326056615886
426,zeus collar ajustable  s  fucsia,904.0,0.00016619860426761083
1280,pawise meow life raton,847.0,0.00015571926749409997
1414,caja carton transporte p.anim 28x15x18cm,839.0,0.00015424848338553703
444,toallitas de limpieza aloe vera,751.0,0.00013806985819134483
404,bloque mineral para aves,496.0,9.118861473090151e-05
756,carpeta orientadora x uni.,164.0,3.0151074225540017e-05
870,black french bulldog  (my family),0.0,0.0
794,habitrail ovo expansion,0.0,0.0
1038,multi-color pet playpen,0.0,0.0
1515,zeus nosh hueso flex cachorro sabor tocino m,0.0,0.0
1254,zd smash leash small,0.0,0.0
40,tx toallas para calzon celo 10 pz xs-s-m,0.0,0.0
1572,parka t/0 cata pets,0.0,0.0
815,puzzle ruff leash large,0.0,0.0
1434,pawise pelotitas arcoiris unidad,0.0,0.0
1585,hartz tiny dog jungle plush dog toy,0.0,0.0
383,zeus nosh hueso duro sabor tocino l,0.0,0.0
1044,zd bordeau adjustable air mesh harness small,0.0,0.0
203,zeus collar ajustable xl azul denim,0.0,0.0
1767,zeedog ella h-harness small,0.0,0.0
1687,capa arnè talla 1 cata pets,0.0,0.0
1332,zeedog atlanta collar medium,0.0,0.0
575,capa arnè talla 2 cata pets,0.0,0.0
903,zd army green collar large,0.0,0.0
702,planet dog tug hueso azul,0.0,0.0
1748,zd army green leash large,0.0,0.0
1750,small bone golden brass (my family),0.0,0.0
1154,revolution plus 0.5 ml (2.5 a 5 kg) x 1p,0.0,0.0
124,zeedog phantom leash extra small,0.0,0.0
289,coastal k9 explorer arnes acolchado guinda s,0.0,0.0
990,heart i love my dog (my family),0.0,0.0
394,pawise pasto sanitario 43 x 67 cm,0.0,0.0
1589,honey collar extra small,0.0,0.0
1413,pawise fetch it elefante,0.0,0.0
570,arnes de pasaeo chico g.a,0.0,0.0
1776,hartz zoo ballons dog toy,0.0,0.0
1367,collar gato cinta colores g.a,0.0,0.0
1418,zeedog tarot adjustable air mesh harness small,0.0,0.0
544,coastal maslow plato cobre martillado 2188 ml,0.0,0.0
822,big bone aluminum light blue (my family),0.0,0.0
954,coastal maslow  plato paw azul 828 ml,0.0,0.0
1501,zd pacco collar medium,0.0,0.0
826,zeedog neopro bubblegum leash small,0.0,0.0
370,nm advanced stain & odor eliminator,0.0,0.0
10,soporte carpeta orientadora borde-plasti,0.0,0.0
234,afp travel dog arnes seguridad s,0.0,0.0
1173,fritz adjustable air mesh medium,0.0,0.0
578,zeedog maze leash small,0.0,0.0
1636,zeedog gotham h-harness medium,0.0,0.0
1506,capa polar chiporro t/3 cata pets,0.0,0.0
1331,go bowl black small,0.0,0.0
597,zeedog super orange,0.0,0.0
1358,coastal comfort soft arnes morado s,0.0,0.0
660,coastal sublime trailla flower pink/pink,0.0,0.0
912,black big circle paw (my family),0.0,0.0
31,zeedog cannon ball,0.0,0.0
885,habitrail ovo loft,0.0,0.0
48,coastal sublime trailla cubes/purple,0.0,0.0
783,jaula cage cavie 80 grey,0.0,0.0
886,carpeta orientadora pad 7 unid,0.0,0.0
785,parka t/2 cata pets,0.0,0.0
1047,zeus collar semifijo  l  rojo,0.0,0.0
714,zd bordeau leash small,0.0,0.0
362,pez portagolosina azúl/verde,0.0,0.0
393,zd army green adjustable air mesh harness small,0.0,0.0
594,coastal comfort soft arnes morado xs,0.0,0.0
1133,coastal style trailla red bones l 1,0.0,0.0
2,nm alfombrilla training 14 un,0.0,0.0
375,ultimate blue leash small,0.0,0.0
204,coastal fashion collar fish,0.0,0.0
1537,arnes talla m,0.0,0.0
1667,zeedog atlanta harness + leash set,0.0,0.0
1568,coastal sublime collar navy xs,0.0,0.0
328,bandana red,0.0,0.0
718,zeedog ella h-harness medium,0.0,0.0
1113,exo t.ampolleta heat glo infrarroja 75w,0.0,0.0
1210,coastal sublime collar chevrons s/m,0.0,0.0
17,"planet dog planet ball azul/verde ""l""",0.0,0.0
381,zd army green ruff leash small,0.0,0.0
1311,pawise little monster violeta,0.0,0.0
339,zeedog greg,0.0,0.0
304,zeus trailla dobl asa  m  azuldenim 1,0.0,0.0
1283,zeedog mahalo collar cat,0.0,0.0
245,coastal k9 explorer arnes acolchado zafiro m,0.0,0.0
1127,coastal sublime collar yellow s/m,0.0,0.0
1195,wicked flyharness size 5,0.0,0.0
538,zd bordeau h-harness medium,0.0,0.0
1443,coastal style trailla pink dots l 1,0.0,0.0
1274,zeedog roy,0.0,0.0
452,afp chill out ice bandana,0.0,0.0
771,zd fatboy ruff leash large,0.0,0.0
472,bravery salmon puppy large/medium breed 12 kg,0.0,0.0
1470,afp doggies pantufla mono,0.0,0.0
956,zeedog prisma leash small,0.0,0.0
1007,fritz adjustable air mesh small,0.0,0.0
71,arnes de seguridad para auto talla: xl,0.0,0.0
797,mamadera  (kit)  115 ml,0.0,0.0
546,pawise holow leon,0.0,0.0
1198,coastal sparkle trailla plata 1,0.0,0.0
1080,coastal comfort soft arnes morado m,0.0,0.0
81,zeus collar ajustable  m   fucsia,0.0,0.0
825,nutrafin max peces tropicales escamas 38g,0.0,0.0
1361,pro plan puppy small breed 1kg ar,0.0,0.0
593,bliss adjustable air mesh harness small,0.0,0.0
1379,afp green rush p-b-t,0.0,0.0
1690,small heart aluminum light blue (my family),0.0,0.0
36,cordon amarre 10 mm a. doctor,0.0,0.0
1583,l.w. golosina peq. animales quinoa 50 gr,0.0,0.0
1666,dreamwell cama redonda woof azul 53cm,0.0,0.0
329,white and black european shorthair (my family),0.0,0.0
1167,mamistop 125 gr (perro),0.0,0.0
1270,zeedog mahalo h-harness large,0.0,0.0
1119,"planet dog diamond plate ball silver ""l""",0.0,0.0
807,bliss collar medium,0.0,0.0
1150,simparica 10 mg  x 1 tab. 2,0.0,0.0
1778,zeedog phantom air mesh plus harness medium,0.0,0.0
1784,zeedog split leash small,0.0,0.0
1227,dogit alfombrilla educadora  medium 100u,0.0,0.0
226,fp plato acero inoxidable orion 54,0.0,0.0
431,zeus arnes fig h l grafito,0.0,0.0
1578,zeus trailla dobl asa  s  grafito 1,0.0,0.0
335,zeus collar ajustable  m  grafito,0.0,0.0
